PULocationID,pickup_hour,payment_desc,trip_count,payment_share_pct
161,18,Credit card,11509,83.06
161,17,Credit card,10825,82.58
161,19,Credit card,9787,83.77
236,15,Credit card,9776,81.22
237,14,Credit card,9691,81.73
237,15,Credit card,9279,81.52
161,16,Credit card,9132,81.60
237,17,Credit card,8537,82.97
162,18,Credit card,8524,84.69
237,16,Credit card,8496,82.65
236,17,Credit card,8447,82.07
237,18,Credit card,8438,82.17
236,14,Credit card,8409,80.52
237,13,Credit card,8402,80.30
132,16,Credit card,8355,74.82
236,12,Credit card,8347,81.31
161,15,Credit card,8323,80.63
236,16,Credit card,8312,82.78
237,12,Credit card,8238,80.14
161,14,Credit card,8076,80.06
236,18,Credit card,8021,82.72
161,20,Credit card,7928,82.05
236,13,Credit card,7793,80.92
162,17,Credit card,7657,85.59
236,11,Credit card,7611,81.87
237,11,Credit card,7443,81.66
132,21,Credit card,7376,74.43
132,17,Credit card,7369,73.09
161,21,Credit card,7344,80.74
132,22,Credit card,7307,74.56
236,10,Credit card,7231,83.47
161,13,Credit card,7183,78.68
237,19,Credit card,7133,82.87
230,21,Credit card,7053,75.90
162,19,Credit card,7012,86.39
132,19,Credit card,7001,71.21
230,22,Credit card,6977,76.23
236,9,Credit card,6972,85.25
132,20,Credit card,6889,72.85
236,8,Credit card,6794,86.69
142,18,Credit card,6710,83.98
142,22,Credit card,6701,81.67
132,15,Credit card,6678,71.85
132,23,Credit card,6592,71.33
142,21,Credit card,6550,83.24
161,12,Credit card,6333,77.41
237,10,Credit card,6324,81.33
230,18,Credit card,6276,78.38
163,18,Credit card,6194,82.32
230,17,Credit card,6153,78.07
237,20,Credit card,6056,83.14
142,17,Credit card,6041,83.37
132,14,Credit card,5982,73.28
138,14,Credit card,5906,86.48
162,16,Credit card,5902,84.80
163,17,Credit card,5848,83.63
237,9,Credit card,5814,84.29
132,18,Credit card,5809,68.93
237,21,Credit card,5731,85.44
138,19,Credit card,5726,86.35
186,18,Credit card,5683,82.14
186,17,Credit card,5662,84.53
162,20,Credit card,5652,85.35
186,21,Credit card,5584,85.79
142,19,Credit card,5548,84.86
161,11,Credit card,5540,78.43
236,19,Credit card,5508,82.63
230,19,Credit card,5502,78.90
170,18,Credit card,5470,82.83
142,16,Credit card,5446,81.67
170,17,Credit card,5388,84.15
230,16,Credit card,5373,76.68
138,18,Credit card,5341,87.02
161,22,Credit card,5296,79.69
239,17,Credit card,5277,82.08
239,15,Credit card,5266,81.80
162,15,Credit card,5201,83.10
142,15,Credit card,5187,81.67
162,14,Credit card,5157,82.74
234,18,Credit card,5149,84.72
142,20,Credit card,5124,84.33
163,19,Credit card,5103,84.84
138,20,Credit card,5061,88.03
239,18,Credit card,5014,82.97
230,20,Credit card,5011,77.83
138,16,Credit card,4991,84.55
163,16,Credit card,4940,81.67
68,18,Credit card,4939,83.34
239,14,Credit card,4894,80.02
163,15,Credit card,4869,81.87
239,16,Credit card,4866,81.19
234,19,Credit card,4859,87.53
236,7,Credit card,4807,84.30
237,8,Credit card,4794,86.43
186,19,Credit card,4793,87.58
138,15,Credit card,4788,83.40
234,17,Credit card,4779,84.81
162,13,Credit card,4764,80.36
249,22,Credit card,4764,84.83
138,22,Credit card,4749,86.09
68,17,Credit card,4733,85.23
132,13,Credit card,4724,72.39
249,21,Credit card,4713,87.25
239,12,Credit card,4710,80.64
239,13,Credit card,4688,80.21
163,14,Credit card,4664,82.62
249,23,Credit card,4657,82.19
48,22,Credit card,4635,79.08
186,22,Credit card,4624,86.45
138,17,Credit card,4622,85.97
162,12,Credit card,4597,79.85
79,0,Credit card,4592,81.72
142,13,Credit card,4591,82.07
170,19,Credit card,4568,83.16
234,20,Credit card,4538,87.84
142,14,Credit card,4536,79.69
170,14,Credit card,4493,80.90
236,20,Credit card,4491,84.32
162,21,Credit card,4472,83.79
234,16,Credit card,4470,85.35
68,19,Credit card,4469,85.53
186,12,Credit card,4463,78.39
186,15,Credit card,4452,81.17
162,11,Credit card,4425,78.46
161,10,Credit card,4424,79.25
186,9,Credit card,4422,83.23
142,12,Credit card,4416,80.79
170,16,Credit card,4413,82.18
186,11,Credit card,4405,79.16
239,11,Credit card,4352,82.02
186,16,Credit card,4352,83.23
79,22,Credit card,4307,86.12
132,0,Credit card,4307,71.17
138,12,Credit card,4305,85.32
163,13,Credit card,4302,81.19
186,10,Credit card,4285,80.58
186,13,Credit card,4277,77.27
138,10,Credit card,4277,84.98
140,17,Credit card,4273,79.79
186,8,Credit card,4273,84.10
138,23,Credit card,4272,86.25
141,18,Credit card,4263,82.57
186,14,Credit card,4234,80.72
170,15,Credit card,4219,82.61
234,21,Credit card,4217,84.90
164,18,Credit card,4196,83.70
138,21,Credit card,4191,87.77
230,15,Credit card,4185,78.80
239,10,Credit card,4178,83.83
186,20,Credit card,4173,86.77
249,0,Credit card,4169,83.55
234,15,Credit card,4157,85.41
140,15,Credit card,4145,78.00
138,13,Credit card,4141,85.65
48,21,Credit card,4123,80.21
142,11,Credit card,4101,81.42
162,9,Credit card,4093,83.96
170,13,Credit card,4089,80.71
234,14,Credit card,4077,84.38
239,19,Credit card,4068,83.53
79,23,Credit card,4066,82.08
79,21,Credit card,4061,87.24
68,20,Credit card,4055,86.24
163,20,Credit card,4036,83.30
163,21,Credit card,4013,80.87
142,23,Credit card,4011,79.43
163,12,Credit card,3984,81.69
79,1,Credit card,3979,77.85
141,17,Credit card,3973,84.01
140,16,Credit card,3958,79.67
230,14,Credit card,3950,78.78
239,9,Credit card,3949,83.31
162,10,Credit card,3942,81.01
68,21,Credit card,3939,84.56
249,20,Credit card,3927,90.59
68,14,Credit card,3906,82.28
230,23,Credit card,3879,74.84
237,22,Credit card,3878,83.43
238,15,Credit card,3838,78.78
162,8,Credit card,3833,86.78
141,14,Credit card,3813,80.65
170,12,Credit card,3813,77.33
141,13,Credit card,3801,79.57
142,10,Credit card,3793,82.51
170,20,Credit card,3765,85.22
68,13,Credit card,3765,83.06
43,16,Credit card,3765,82.21
141,15,Credit card,3758,79.47
246,18,Credit card,3749,81.18
170,11,Credit card,3726,78.96
43,15,Credit card,3723,81.93
234,13,Credit card,3720,83.24
43,14,Credit card,3713,80.52
141,12,Credit card,3702,79.77
48,18,Credit card,3702,78.97
230,13,Credit card,3699,78.37
238,18,Credit card,3680,82.44
141,19,Credit card,3679,82.18
68,15,Credit card,3679,81.32
230,11,Credit card,3676,74.37
